old_path,new_path,action
.gitignore,.gitignore,move
CCSD/bench_dip_noneq_config/_src/calc_dissociation.py,benchmarks/dipole_dissociation/methods/ccsd/calc_dissociation.py,move
CCSD/bench_dip_noneq_config/geometry/dissociation_inputs.json,benchmarks/dipole_dissociation/inputs/dissociation_inputs.json,move
CCSD/bench_dip_noneq_config/geometry/dissociation_reference.json,benchmarks/dipole_dissociation/references/dissociation_reference.json,move
CCSD/bench_dip_noneq_config/sh_file/dip_cur.sh,benchmarks/dipole_dissociation/jobs/ccsd/dip_cur.sh,move
CCSD/bench_dipole_152/_src/calc_dipmomt_ccsd.py,benchmarks/dipole_152/methods/ccsd/calc_dipmomt_ccsd.py,move
CCSD/bench_dipole_152/_src/calc_dipmomt_ccsd_ff.py,benchmarks/dipole_152/methods/ccsd/calc_dipmomt_ccsd_ff.py,move
CCSD/bench_dipole_152/geometry/nsp_inputs.json,benchmarks/dipole_152/inputs/nsp_inputs.json,move
CCSD/bench_dipole_152/geometry/sp_inputs.json,benchmarks/dipole_152/inputs/sp_inputs.json,move
CCSD/bench_dipole_152/sh_file/dipole_nsp.sh,benchmarks/dipole_152/jobs/ccsd/dipole_nsp.sh,move
CCSD/bench_dipole_152/sh_file/dipole_sp.sh,benchmarks/dipole_152/jobs/ccsd/dipole_sp.sh,move
CCSD/bench_dipole_152/sh_file/merge_dipole.sh,benchmarks/dipole_152/jobs/ccsd/merge_dipole.sh,move
DFT/152_nsp.py,experiments/legacy/DFT/152_nsp.py,move
DFT/bench_MIPC/B2PLYP_in_DFT/_src/_dft_embed.py,shared/dft_embedding.py,shared_module_with_symlink
DFT/bench_MIPC/B2PLYP_in_DFT/_src/cation.py,benchmarks/mipc/methods/b2plyp/cation.py,move
DFT/bench_MIPC/B2PLYP_in_DFT/_src/complex.py,benchmarks/mipc/methods/b2plyp/complex.py,move
DFT/bench_MIPC/B2PLYP_in_DFT/_src/ligands.py,benchmarks/mipc/methods/b2plyp/ligands.py,move
DFT/bench_MIPC/B2PLYP_in_DFT/sh_file/cation.sh,benchmarks/mipc/jobs/b2plyp/cation.sh,move
DFT/bench_MIPC/B2PLYP_in_DFT/sh_file/complex.sh,benchmarks/mipc/jobs/b2plyp/complex.sh,move
DFT/bench_MIPC/B2PLYP_in_DFT/sh_file/ligands.sh,benchmarks/mipc/jobs/b2plyp/ligands.sh,move
DFT/bench_MIPC/PBE0_in_DFT/_src/_dft_embed.py,shared/dft_embedding.py,shared_module_with_symlink
DFT/bench_MIPC/PBE0_in_DFT/_src/cation.py,benchmarks/mipc/methods/pbe0/cation.py,move
DFT/bench_MIPC/PBE0_in_DFT/_src/complex.py,benchmarks/mipc/methods/pbe0/complex.py,move
DFT/bench_MIPC/PBE0_in_DFT/_src/ligands.py,benchmarks/mipc/methods/pbe0/ligands.py,move
DFT/bench_MIPC/PBE0_in_DFT/sh_file/cation.sh,benchmarks/mipc/jobs/pbe0/cation.sh,move
DFT/bench_MIPC/PBE0_in_DFT/sh_file/complex.sh,benchmarks/mipc/jobs/pbe0/complex.sh,move
DFT/bench_MIPC/PBE0_in_DFT/sh_file/ligands.sh,benchmarks/mipc/jobs/pbe0/ligands.sh,move
DFT/bench_SIE_DFT/DFT_results_1.xlsx,results/sie4x4/dft/legacy/DFT_results_1.xlsx,move
DFT/bench_SIE_DFT/DFT_results_2.xlsx,results/sie4x4/dft/legacy/DFT_results_2.xlsx,move
DFT/bench_SIE_DFT/DFT_results_final.xlsx,results/sie4x4/dft/legacy/DFT_results_final.xlsx,move
DFT/bench_SIE_DFT/_src/calc_DFT.py,benchmarks/sie4x4/methods/dft/calc_DFT.py,move
DFT/bench_SIE_DFT/geometry/input.json,benchmarks/sie4x4/inputs/input.json,move
DFT/bench_SIE_DFT/job.sh,benchmarks/sie4x4/jobs/dft/job.sh,move
DFT/bench_dip_noneq_config/_src/calc_dissociation.py,benchmarks/dipole_dissociation/methods/dft/calc_dissociation.py,move
DFT/bench_dip_noneq_config/geometry/dissociation_inputs.json,benchmarks/dipole_dissociation/inputs/dissociation_inputs.json,shared_identical
DFT/bench_dip_noneq_config/geometry/dissociation_reference.json,benchmarks/dipole_dissociation/references/dissociation_reference.json,shared_identical
DFT/bench_dip_noneq_config/sh_file/dip_cur.sh,benchmarks/dipole_dissociation/jobs/dft/dip_cur.sh,move
DFT/bench_dipole_152/_src/calc_dipmomt_dft.py,benchmarks/dipole_152/methods/dft/calc_dipmomt_dft.py,move
DFT/bench_dipole_152/geometry/nsp_inputs.json,benchmarks/dipole_152/inputs/nsp_inputs.json,shared_identical
DFT/bench_dipole_152/geometry/sp_inputs.json,benchmarks/dipole_152/inputs/sp_inputs.json,shared_identical
DFT/bench_dipole_152/sh_file/dipole_sp.sh,benchmarks/dipole_152/jobs/dft/dipole_sp.sh,move
DFT/bench_dipole_152/sh_file/merge_sp.sh,benchmarks/dipole_152/jobs/dft/merge_sp.sh,move
MP2/bench_MIPC/_src/cation.py,benchmarks/mipc/methods/mp2/cation.py,move
MP2/bench_MIPC/_src/complex.py,benchmarks/mipc/methods/mp2/complex.py,move
MP2/bench_MIPC/_src/ligands.py,benchmarks/mipc/methods/mp2/ligands.py,move
MP2/bench_MIPC/_src/mp2_embed.py,benchmarks/mipc/methods/mp2/mp2_embed.py,move
MP2/bench_MIPC/sh_file/cation.sh,benchmarks/mipc/jobs/mp2/cation.sh,move
MP2/bench_MIPC/sh_file/complex.sh,benchmarks/mipc/jobs/mp2/complex.sh,move
MP2/bench_MIPC/sh_file/ligands.sh,benchmarks/mipc/jobs/mp2/ligands.sh,move
MP2/bench_conv_n_Hexanol/_src/mp2.py,benchmarks/hexanol_cl/methods/mp2/mp2.py,move
MP2/bench_conv_n_Hexanol/_src/mp2_embed.py,benchmarks/hexanol_cl/methods/mp2/mp2_embed.py,move
MP2/bench_conv_n_Hexanol/geometry/input.xyz,benchmarks/hexanol_cl/inputs/input.xyz,move
MP2/bench_conv_n_Hexanol/sh_file/input.sh,benchmarks/hexanol_cl/jobs/mp2/input.sh,move
OBDH/bench_MIPC/_src/cation.py,benchmarks/mipc/methods/obdh/cation.py,move
OBDH/bench_MIPC/_src/complex.py,benchmarks/mipc/methods/obdh/complex.py,move
OBDH/bench_MIPC/_src/ligands.py,benchmarks/mipc/methods/obdh/ligands.py,move
OBDH/bench_MIPC/sh_file/cation.sh,benchmarks/mipc/jobs/obdh/cation.sh,move
OBDH/bench_MIPC/sh_file/complex.sh,benchmarks/mipc/jobs/obdh/complex.sh,move
OBDH/bench_MIPC/sh_file/ligands.sh,benchmarks/mipc/jobs/obdh/ligands.sh,move
OBDH/bench_SIE_DFT/OBDH_results.xlsx,results/sie4x4/obdh/legacy/OBDH_results.xlsx,move
OBDH/bench_SIE_DFT/OBDH_results_1.xlsx,results/sie4x4/obdh/legacy/OBDH_results_1.xlsx,move
OBDH/bench_SIE_DFT/OBDH_results_2.xlsx,results/sie4x4/obdh/legacy/OBDH_results_2.xlsx,move
OBDH/bench_SIE_DFT/OBDH_results_final.xlsx,results/sie4x4/obdh/legacy/OBDH_results_final.xlsx,move
OBDH/bench_SIE_DFT/_src/calc_OBDH.py,benchmarks/sie4x4/methods/obdh/calc_OBDH.py,move
OBDH/bench_SIE_DFT/geometry/input.json,benchmarks/sie4x4/inputs/input.json,shared_identical
OBDH/bench_SIE_DFT/job.sh,benchmarks/sie4x4/jobs/obdh/job.sh,move
OBDH/bench_conv_n_Hexanol/_src/obdh.py,benchmarks/hexanol_cl/methods/obdh/obdh.py,move
OBDH/bench_conv_n_Hexanol/geometry/input.xyz,benchmarks/hexanol_cl/inputs/input.xyz,shared_identical
OBDH/bench_conv_n_Hexanol/sh_file/input.sh,benchmarks/hexanol_cl/jobs/obdh/input.sh,move
OBDH/bench_dip_noneq_config/_src/calc_dissociation.py,benchmarks/dipole_dissociation/methods/obdh/calc_dissociation.py,move
OBDH/bench_dip_noneq_config/geometry/dissociation_inputs.json,benchmarks/dipole_dissociation/inputs/dissociation_inputs.json,shared_identical
OBDH/bench_dip_noneq_config/geometry/dissociation_reference.json,benchmarks/dipole_dissociation/references/dissociation_reference.json,shared_identical
OBDH/bench_dip_noneq_config/sh_file/dip_cur.sh,benchmarks/dipole_dissociation/jobs/obdh/dip_cur.sh,move
OBDH/bench_dipole_152/_src/calc_dipmomt_obdh.py,benchmarks/dipole_152/methods/obdh/calc_dipmomt_obdh.py,move
OBDH/bench_dipole_152/geometry/nsp_inputs.json,benchmarks/dipole_152/inputs/nsp_inputs.json,shared_identical
OBDH/bench_dipole_152/geometry/ref_nsp.json,benchmarks/dipole_152/references/ref_nsp.json,move
OBDH/bench_dipole_152/geometry/ref_sp.json,benchmarks/dipole_152/references/ref_sp.json,move
OBDH/bench_dipole_152/geometry/sp_inputs.json,benchmarks/dipole_152/inputs/sp_inputs.json,shared_identical
OBDH/bench_dipole_152/sh_file/dipole_nsp.sh,benchmarks/dipole_152/jobs/obdh/dipole_nsp.sh,move
OBDH/bench_dipole_152/sh_file/dipole_sp.sh,benchmarks/dipole_152/jobs/obdh/dipole_sp.sh,move
OBDH/bench_dipole_152/sh_file/merge_nsp.sh,benchmarks/dipole_152/jobs/obdh/merge_nsp.sh,move
OBDH/bench_dipole_152/sh_file/merge_sp.sh,benchmarks/dipole_152/jobs/obdh/merge_sp.sh,move
OBDH/geometry/all_inputs.json,archive/dipole_152/earlier_inputs/all_inputs.json,move
OBDH/geometry/nsp_inputs.json,archive/dipole_152/earlier_inputs/nsp_inputs.json,move
OBDH/geometry/sp_inputs.json,archive/dipole_152/earlier_inputs/sp_inputs.json,move
OBDH/obdh_in_dft.py,experiments/legacy/OBDH/obdh_in_dft.py,move
OBMP2/bench_MIPC/_src/cation.py,benchmarks/mipc/methods/obmp2/cation.py,move
OBMP2/bench_MIPC/_src/complex.py,benchmarks/mipc/methods/obmp2/complex.py,move
OBMP2/bench_MIPC/_src/ligands.py,benchmarks/mipc/methods/obmp2/ligands.py,move
OBMP2/bench_MIPC/sh_file/cation.sh,benchmarks/mipc/jobs/obmp2/cation.sh,move
OBMP2/bench_MIPC/sh_file/complex.sh,benchmarks/mipc/jobs/obmp2/complex.sh,move
OBMP2/bench_MIPC/sh_file/ligands.sh,benchmarks/mipc/jobs/obmp2/ligands.sh,move
OBMP2/bench_retinal/_src/obdh.py,benchmarks/retinal/methods/obmp2/obdh.py,move
OBMP2/bench_retinal/sh_file/retinal.sh,benchmarks/retinal/jobs/obmp2/retinal.sh,move
OO-MP2/_src/_gar.py,experiments/oo_mp2/_gar.py,move
OO-MP2/_src/o2_rmp2.py,experiments/oo_mp2/o2_rmp2.py,move
ORCA/bench_SIE_DFT/collect_SIE4x4.py,benchmarks/sie4x4/tools/collect_SIE4x4.py,move
ORCA/bench_SIE_DFT/geometry/B2GPPLYP_H2O_2_plus_R_1.0_def.inp,benchmarks/sie4x4/inputs/orca_generated/B2GPPLYP_H2O_2_plus_R_1.0_def.inp,move
ORCA/bench_SIE_DFT/geometry/B2GPPLYP_H2O_2_plus_R_1.0_fragA.inp,benchmarks/sie4x4/inputs/orca_generated/B2GPPLYP_H2O_2_plus_R_1.0_fragA.inp,move
ORCA/bench_SIE_DFT/geometry/B2GPPLYP_H2O_2_plus_R_1.0_fragB.inp,benchmarks/sie4x4/inputs/orca_generated/B2GPPLYP_H2O_2_plus_R_1.0_fragB.inp,move
ORCA/bench_SIE_DFT/geometry/B2GPPLYP_H2O_2_plus_R_1.0_loc.inp,benchmarks/sie4x4/inputs/orca_generated/B2GPPLYP_H2O_2_plus_R_1.0_loc.inp,move
ORCA/bench_SIE_DFT/geometry/B2GPPLYP_H2O_2_plus_R_1.25_def.inp,benchmarks/sie4x4/inputs/orca_generated/B2GPPLYP_H2O_2_plus_R_1.25_def.inp,move
ORCA/bench_SIE_DFT/geometry/B2GPPLYP_H2O_2_plus_R_1.25_fragA.inp,benchmarks/sie4x4/inputs/orca_generated/B2GPPLYP_H2O_2_plus_R_1.25_fragA.inp,move
ORCA/bench_SIE_DFT/geometry/B2GPPLYP_H2O_2_plus_R_1.25_fragB.inp,benchmarks/sie4x4/inputs/orca_generated/B2GPPLYP_H2O_2_plus_R_1.25_fragB.inp,move
ORCA/bench_SIE_DFT/geometry/B2GPPLYP_H2O_2_plus_R_1.25_loc.inp,benchmarks/sie4x4/inputs/orca_generated/B2GPPLYP_H2O_2_plus_R_1.25_loc.inp,move
ORCA/bench_SIE_DFT/geometry/B2GPPLYP_H2O_2_plus_R_1.5_def.inp,benchmarks/sie4x4/inputs/orca_generated/B2GPPLYP_H2O_2_plus_R_1.5_def.inp,move
ORCA/bench_SIE_DFT/geometry/B2GPPLYP_H2O_2_plus_R_1.5_fragA.inp,benchmarks/sie4x4/inputs/orca_generated/B2GPPLYP_H2O_2_plus_R_1.5_fragA.inp,move
ORCA/bench_SIE_DFT/geometry/B2GPPLYP_H2O_2_plus_R_1.5_fragB.inp,benchmarks/sie4x4/inputs/orca_generated/B2GPPLYP_H2O_2_plus_R_1.5_fragB.inp,move
ORCA/bench_SIE_DFT/geometry/B2GPPLYP_H2O_2_plus_R_1.5_loc.inp,benchmarks/sie4x4/inputs/orca_generated/B2GPPLYP_H2O_2_plus_R_1.5_loc.inp,move
ORCA/bench_SIE_DFT/geometry/B2GPPLYP_H2O_2_plus_R_1.75_def.inp,benchmarks/sie4x4/inputs/orca_generated/B2GPPLYP_H2O_2_plus_R_1.75_def.inp,move
ORCA/bench_SIE_DFT/geometry/B2GPPLYP_H2O_2_plus_R_1.75_fragA.inp,benchmarks/sie4x4/inputs/orca_generated/B2GPPLYP_H2O_2_plus_R_1.75_fragA.inp,move
ORCA/bench_SIE_DFT/geometry/B2GPPLYP_H2O_2_plus_R_1.75_fragB.inp,benchmarks/sie4x4/inputs/orca_generated/B2GPPLYP_H2O_2_plus_R_1.75_fragB.inp,move
ORCA/bench_SIE_DFT/geometry/B2GPPLYP_H2O_2_plus_R_1.75_loc.inp,benchmarks/sie4x4/inputs/orca_generated/B2GPPLYP_H2O_2_plus_R_1.75_loc.inp,move
ORCA/bench_SIE_DFT/geometry/B2GPPLYP_H2O_2_plus_dissociation_limit_def.inp,benchmarks/sie4x4/inputs/orca_generated/B2GPPLYP_H2O_2_plus_dissociation_limit_def.inp,move
ORCA/bench_SIE_DFT/geometry/B2GPPLYP_H2O_2_plus_dissociation_limit_fragA.inp,benchmarks/sie4x4/inputs/orca_generated/B2GPPLYP_H2O_2_plus_dissociation_limit_fragA.inp,move
ORCA/bench_SIE_DFT/geometry/B2GPPLYP_H2O_2_plus_dissociation_limit_fragB.inp,benchmarks/sie4x4/inputs/orca_generated/B2GPPLYP_H2O_2_plus_dissociation_limit_fragB.inp,move
ORCA/bench_SIE_DFT/geometry/B2GPPLYP_H2O_2_plus_dissociation_limit_loc.inp,benchmarks/sie4x4/inputs/orca_generated/B2GPPLYP_H2O_2_plus_dissociation_limit_loc.inp,move
ORCA/bench_SIE_DFT/geometry/B2GPPLYP_H2_plus_He_R_1.0_def.inp,benchmarks/sie4x4/inputs/orca_generated/B2GPPLYP_H2_plus_He_R_1.0_def.inp,move
ORCA/bench_SIE_DFT/geometry/B2GPPLYP_H2_plus_He_R_1.0_fragA.inp,benchmarks/sie4x4/inputs/orca_generated/B2GPPLYP_H2_plus_He_R_1.0_fragA.inp,move
ORCA/bench_SIE_DFT/geometry/B2GPPLYP_H2_plus_He_R_1.0_fragB.inp,benchmarks/sie4x4/inputs/orca_generated/B2GPPLYP_H2_plus_He_R_1.0_fragB.inp,move
ORCA/bench_SIE_DFT/geometry/B2GPPLYP_H2_plus_He_R_1.0_loc.inp,benchmarks/sie4x4/inputs/orca_generated/B2GPPLYP_H2_plus_He_R_1.0_loc.inp,move
ORCA/bench_SIE_DFT/geometry/B2GPPLYP_H2_plus_He_R_1.25_def.inp,benchmarks/sie4x4/inputs/orca_generated/B2GPPLYP_H2_plus_He_R_1.25_def.inp,move
ORCA/bench_SIE_DFT/geometry/B2GPPLYP_H2_plus_He_R_1.25_fragA.inp,benchmarks/sie4x4/inputs/orca_generated/B2GPPLYP_H2_plus_He_R_1.25_fragA.inp,move
ORCA/bench_SIE_DFT/geometry/B2GPPLYP_H2_plus_He_R_1.25_fragB.inp,benchmarks/sie4x4/inputs/orca_generated/B2GPPLYP_H2_plus_He_R_1.25_fragB.inp,move
ORCA/bench_SIE_DFT/geometry/B2GPPLYP_H2_plus_He_R_1.25_loc.inp,benchmarks/sie4x4/inputs/orca_generated/B2GPPLYP_H2_plus_He_R_1.25_loc.inp,move
ORCA/bench_SIE_DFT/geometry/B2GPPLYP_H2_plus_He_R_1.5_def.inp,benchmarks/sie4x4/inputs/orca_generated/B2GPPLYP_H2_plus_He_R_1.5_def.inp,move
ORCA/bench_SIE_DFT/geometry/B2GPPLYP_H2_plus_He_R_1.5_fragA.inp,benchmarks/sie4x4/inputs/orca_generated/B2GPPLYP_H2_plus_He_R_1.5_fragA.inp,move
ORCA/bench_SIE_DFT/geometry/B2GPPLYP_H2_plus_He_R_1.5_fragB.inp,benchmarks/sie4x4/inputs/orca_generated/B2GPPLYP_H2_plus_He_R_1.5_fragB.inp,move
ORCA/bench_SIE_DFT/geometry/B2GPPLYP_H2_plus_He_R_1.5_loc.inp,benchmarks/sie4x4/inputs/orca_generated/B2GPPLYP_H2_plus_He_R_1.5_loc.inp,move
ORCA/bench_SIE_DFT/geometry/B2GPPLYP_H2_plus_He_R_1.75_def.inp,benchmarks/sie4x4/inputs/orca_generated/B2GPPLYP_H2_plus_He_R_1.75_def.inp,move
ORCA/bench_SIE_DFT/geometry/B2GPPLYP_H2_plus_He_R_1.75_fragA.inp,benchmarks/sie4x4/inputs/orca_generated/B2GPPLYP_H2_plus_He_R_1.75_fragA.inp,move
ORCA/bench_SIE_DFT/geometry/B2GPPLYP_H2_plus_He_R_1.75_fragB.inp,benchmarks/sie4x4/inputs/orca_generated/B2GPPLYP_H2_plus_He_R_1.75_fragB.inp,move
ORCA/bench_SIE_DFT/geometry/B2GPPLYP_H2_plus_He_R_1.75_loc.inp,benchmarks/sie4x4/inputs/orca_generated/B2GPPLYP_H2_plus_He_R_1.75_loc.inp,move
ORCA/bench_SIE_DFT/geometry/B2GPPLYP_H2_plus_He_dissociation_limit_def.inp,benchmarks/sie4x4/inputs/orca_generated/B2GPPLYP_H2_plus_He_dissociation_limit_def.inp,move
ORCA/bench_SIE_DFT/geometry/B2GPPLYP_H2_plus_He_dissociation_limit_fragA.inp,benchmarks/sie4x4/inputs/orca_generated/B2GPPLYP_H2_plus_He_dissociation_limit_fragA.inp,move
ORCA/bench_SIE_DFT/geometry/B2GPPLYP_H2_plus_He_dissociation_limit_fragB.inp,benchmarks/sie4x4/inputs/orca_generated/B2GPPLYP_H2_plus_He_dissociation_limit_fragB.inp,move
ORCA/bench_SIE_DFT/geometry/B2GPPLYP_H2_plus_He_dissociation_limit_loc.inp,benchmarks/sie4x4/inputs/orca_generated/B2GPPLYP_H2_plus_He_dissociation_limit_loc.inp,move
ORCA/bench_SIE_DFT/geometry/B2GPPLYP_He2_plus_R_1.0_def.inp,benchmarks/sie4x4/inputs/orca_generated/B2GPPLYP_He2_plus_R_1.0_def.inp,move
ORCA/bench_SIE_DFT/geometry/B2GPPLYP_He2_plus_R_1.0_fragA.inp,benchmarks/sie4x4/inputs/orca_generated/B2GPPLYP_He2_plus_R_1.0_fragA.inp,move
ORCA/bench_SIE_DFT/geometry/B2GPPLYP_He2_plus_R_1.0_fragB.inp,benchmarks/sie4x4/inputs/orca_generated/B2GPPLYP_He2_plus_R_1.0_fragB.inp,move
ORCA/bench_SIE_DFT/geometry/B2GPPLYP_He2_plus_R_1.0_loc.inp,benchmarks/sie4x4/inputs/orca_generated/B2GPPLYP_He2_plus_R_1.0_loc.inp,move
ORCA/bench_SIE_DFT/geometry/B2GPPLYP_He2_plus_R_1.25_def.inp,benchmarks/sie4x4/inputs/orca_generated/B2GPPLYP_He2_plus_R_1.25_def.inp,move
ORCA/bench_SIE_DFT/geometry/B2GPPLYP_He2_plus_R_1.25_fragA.inp,benchmarks/sie4x4/inputs/orca_generated/B2GPPLYP_He2_plus_R_1.25_fragA.inp,move
ORCA/bench_SIE_DFT/geometry/B2GPPLYP_He2_plus_R_1.25_fragB.inp,benchmarks/sie4x4/inputs/orca_generated/B2GPPLYP_He2_plus_R_1.25_fragB.inp,move
ORCA/bench_SIE_DFT/geometry/B2GPPLYP_He2_plus_R_1.25_loc.inp,benchmarks/sie4x4/inputs/orca_generated/B2GPPLYP_He2_plus_R_1.25_loc.inp,move
ORCA/bench_SIE_DFT/geometry/B2GPPLYP_He2_plus_R_1.5_def.inp,benchmarks/sie4x4/inputs/orca_generated/B2GPPLYP_He2_plus_R_1.5_def.inp,move
ORCA/bench_SIE_DFT/geometry/B2GPPLYP_He2_plus_R_1.5_fragA.inp,benchmarks/sie4x4/inputs/orca_generated/B2GPPLYP_He2_plus_R_1.5_fragA.inp,move
ORCA/bench_SIE_DFT/geometry/B2GPPLYP_He2_plus_R_1.5_fragB.inp,benchmarks/sie4x4/inputs/orca_generated/B2GPPLYP_He2_plus_R_1.5_fragB.inp,move
ORCA/bench_SIE_DFT/geometry/B2GPPLYP_He2_plus_R_1.5_loc.inp,benchmarks/sie4x4/inputs/orca_generated/B2GPPLYP_He2_plus_R_1.5_loc.inp,move
ORCA/bench_SIE_DFT/geometry/B2GPPLYP_He2_plus_R_1.75_def.inp,benchmarks/sie4x4/inputs/orca_generated/B2GPPLYP_He2_plus_R_1.75_def.inp,move
ORCA/bench_SIE_DFT/geometry/B2GPPLYP_He2_plus_R_1.75_fragA.inp,benchmarks/sie4x4/inputs/orca_generated/B2GPPLYP_He2_plus_R_1.75_fragA.inp,move
ORCA/bench_SIE_DFT/geometry/B2GPPLYP_He2_plus_R_1.75_fragB.inp,benchmarks/sie4x4/inputs/orca_generated/B2GPPLYP_He2_plus_R_1.75_fragB.inp,move
ORCA/bench_SIE_DFT/geometry/B2GPPLYP_He2_plus_R_1.75_loc.inp,benchmarks/sie4x4/inputs/orca_generated/B2GPPLYP_He2_plus_R_1.75_loc.inp,move
ORCA/bench_SIE_DFT/geometry/B2GPPLYP_He2_plus_dissociation_limit_def.inp,benchmarks/sie4x4/inputs/orca_generated/B2GPPLYP_He2_plus_dissociation_limit_def.inp,move
ORCA/bench_SIE_DFT/geometry/B2GPPLYP_He2_plus_dissociation_limit_fragA.inp,benchmarks/sie4x4/inputs/orca_generated/B2GPPLYP_He2_plus_dissociation_limit_fragA.inp,move
ORCA/bench_SIE_DFT/geometry/B2GPPLYP_He2_plus_dissociation_limit_fragB.inp,benchmarks/sie4x4/inputs/orca_generated/B2GPPLYP_He2_plus_dissociation_limit_fragB.inp,move
ORCA/bench_SIE_DFT/geometry/B2GPPLYP_He2_plus_dissociation_limit_loc.inp,benchmarks/sie4x4/inputs/orca_generated/B2GPPLYP_He2_plus_dissociation_limit_loc.inp,move
ORCA/bench_SIE_DFT/geometry/B2GPPLYP_NH3_2_plus_R_1.0_def.inp,benchmarks/sie4x4/inputs/orca_generated/B2GPPLYP_NH3_2_plus_R_1.0_def.inp,move
ORCA/bench_SIE_DFT/geometry/B2GPPLYP_NH3_2_plus_R_1.0_fragA.inp,benchmarks/sie4x4/inputs/orca_generated/B2GPPLYP_NH3_2_plus_R_1.0_fragA.inp,move
ORCA/bench_SIE_DFT/geometry/B2GPPLYP_NH3_2_plus_R_1.0_fragB.inp,benchmarks/sie4x4/inputs/orca_generated/B2GPPLYP_NH3_2_plus_R_1.0_fragB.inp,move
ORCA/bench_SIE_DFT/geometry/B2GPPLYP_NH3_2_plus_R_1.0_loc.inp,benchmarks/sie4x4/inputs/orca_generated/B2GPPLYP_NH3_2_plus_R_1.0_loc.inp,move
ORCA/bench_SIE_DFT/geometry/B2GPPLYP_NH3_2_plus_R_1.25_def.inp,benchmarks/sie4x4/inputs/orca_generated/B2GPPLYP_NH3_2_plus_R_1.25_def.inp,move
ORCA/bench_SIE_DFT/geometry/B2GPPLYP_NH3_2_plus_R_1.25_fragA.inp,benchmarks/sie4x4/inputs/orca_generated/B2GPPLYP_NH3_2_plus_R_1.25_fragA.inp,move
ORCA/bench_SIE_DFT/geometry/B2GPPLYP_NH3_2_plus_R_1.25_fragB.inp,benchmarks/sie4x4/inputs/orca_generated/B2GPPLYP_NH3_2_plus_R_1.25_fragB.inp,move
ORCA/bench_SIE_DFT/geometry/B2GPPLYP_NH3_2_plus_R_1.25_loc.inp,benchmarks/sie4x4/inputs/orca_generated/B2GPPLYP_NH3_2_plus_R_1.25_loc.inp,move
ORCA/bench_SIE_DFT/geometry/B2GPPLYP_NH3_2_plus_R_1.5_def.inp,benchmarks/sie4x4/inputs/orca_generated/B2GPPLYP_NH3_2_plus_R_1.5_def.inp,move
ORCA/bench_SIE_DFT/geometry/B2GPPLYP_NH3_2_plus_R_1.5_fragA.inp,benchmarks/sie4x4/inputs/orca_generated/B2GPPLYP_NH3_2_plus_R_1.5_fragA.inp,move
ORCA/bench_SIE_DFT/geometry/B2GPPLYP_NH3_2_plus_R_1.5_fragB.inp,benchmarks/sie4x4/inputs/orca_generated/B2GPPLYP_NH3_2_plus_R_1.5_fragB.inp,move
ORCA/bench_SIE_DFT/geometry/B2GPPLYP_NH3_2_plus_R_1.5_loc.inp,benchmarks/sie4x4/inputs/orca_generated/B2GPPLYP_NH3_2_plus_R_1.5_loc.inp,move
ORCA/bench_SIE_DFT/geometry/B2GPPLYP_NH3_2_plus_R_1.75_def.inp,benchmarks/sie4x4/inputs/orca_generated/B2GPPLYP_NH3_2_plus_R_1.75_def.inp,move
ORCA/bench_SIE_DFT/geometry/B2GPPLYP_NH3_2_plus_R_1.75_fragA.inp,benchmarks/sie4x4/inputs/orca_generated/B2GPPLYP_NH3_2_plus_R_1.75_fragA.inp,move
ORCA/bench_SIE_DFT/geometry/B2GPPLYP_NH3_2_plus_R_1.75_fragB.inp,benchmarks/sie4x4/inputs/orca_generated/B2GPPLYP_NH3_2_plus_R_1.75_fragB.inp,move
ORCA/bench_SIE_DFT/geometry/B2GPPLYP_NH3_2_plus_R_1.75_loc.inp,benchmarks/sie4x4/inputs/orca_generated/B2GPPLYP_NH3_2_plus_R_1.75_loc.inp,move
ORCA/bench_SIE_DFT/geometry/B2GPPLYP_NH3_2_plus_dissociation_limit_def.inp,benchmarks/sie4x4/inputs/orca_generated/B2GPPLYP_NH3_2_plus_dissociation_limit_def.inp,move
ORCA/bench_SIE_DFT/geometry/B2GPPLYP_NH3_2_plus_dissociation_limit_fragA.inp,benchmarks/sie4x4/inputs/orca_generated/B2GPPLYP_NH3_2_plus_dissociation_limit_fragA.inp,move
ORCA/bench_SIE_DFT/geometry/B2GPPLYP_NH3_2_plus_dissociation_limit_fragB.inp,benchmarks/sie4x4/inputs/orca_generated/B2GPPLYP_NH3_2_plus_dissociation_limit_fragB.inp,move
ORCA/bench_SIE_DFT/geometry/B2GPPLYP_NH3_2_plus_dissociation_limit_loc.inp,benchmarks/sie4x4/inputs/orca_generated/B2GPPLYP_NH3_2_plus_dissociation_limit_loc.inp,move
ORCA/bench_SIE_DFT/geometry/B2PLYP_H2O_2_plus_R_1.0_def.inp,benchmarks/sie4x4/inputs/orca_generated/B2PLYP_H2O_2_plus_R_1.0_def.inp,move
ORCA/bench_SIE_DFT/geometry/B2PLYP_H2O_2_plus_R_1.0_fragA.inp,benchmarks/sie4x4/inputs/orca_generated/B2PLYP_H2O_2_plus_R_1.0_fragA.inp,move
ORCA/bench_SIE_DFT/geometry/B2PLYP_H2O_2_plus_R_1.0_fragB.inp,benchmarks/sie4x4/inputs/orca_generated/B2PLYP_H2O_2_plus_R_1.0_fragB.inp,move
ORCA/bench_SIE_DFT/geometry/B2PLYP_H2O_2_plus_R_1.0_loc.inp,benchmarks/sie4x4/inputs/orca_generated/B2PLYP_H2O_2_plus_R_1.0_loc.inp,move
ORCA/bench_SIE_DFT/geometry/B2PLYP_H2O_2_plus_R_1.25_def.inp,benchmarks/sie4x4/inputs/orca_generated/B2PLYP_H2O_2_plus_R_1.25_def.inp,move
ORCA/bench_SIE_DFT/geometry/B2PLYP_H2O_2_plus_R_1.25_fragA.inp,benchmarks/sie4x4/inputs/orca_generated/B2PLYP_H2O_2_plus_R_1.25_fragA.inp,move
ORCA/bench_SIE_DFT/geometry/B2PLYP_H2O_2_plus_R_1.25_fragB.inp,benchmarks/sie4x4/inputs/orca_generated/B2PLYP_H2O_2_plus_R_1.25_fragB.inp,move
ORCA/bench_SIE_DFT/geometry/B2PLYP_H2O_2_plus_R_1.25_loc.inp,benchmarks/sie4x4/inputs/orca_generated/B2PLYP_H2O_2_plus_R_1.25_loc.inp,move
ORCA/bench_SIE_DFT/geometry/B2PLYP_H2O_2_plus_R_1.5_def.inp,benchmarks/sie4x4/inputs/orca_generated/B2PLYP_H2O_2_plus_R_1.5_def.inp,move
ORCA/bench_SIE_DFT/geometry/B2PLYP_H2O_2_plus_R_1.5_fragA.inp,benchmarks/sie4x4/inputs/orca_generated/B2PLYP_H2O_2_plus_R_1.5_fragA.inp,move
ORCA/bench_SIE_DFT/geometry/B2PLYP_H2O_2_plus_R_1.5_fragB.inp,benchmarks/sie4x4/inputs/orca_generated/B2PLYP_H2O_2_plus_R_1.5_fragB.inp,move
ORCA/bench_SIE_DFT/geometry/B2PLYP_H2O_2_plus_R_1.5_loc.inp,benchmarks/sie4x4/inputs/orca_generated/B2PLYP_H2O_2_plus_R_1.5_loc.inp,move
ORCA/bench_SIE_DFT/geometry/B2PLYP_H2O_2_plus_R_1.75_def.inp,benchmarks/sie4x4/inputs/orca_generated/B2PLYP_H2O_2_plus_R_1.75_def.inp,move
ORCA/bench_SIE_DFT/geometry/B2PLYP_H2O_2_plus_R_1.75_fragA.inp,benchmarks/sie4x4/inputs/orca_generated/B2PLYP_H2O_2_plus_R_1.75_fragA.inp,move
ORCA/bench_SIE_DFT/geometry/B2PLYP_H2O_2_plus_R_1.75_fragB.inp,benchmarks/sie4x4/inputs/orca_generated/B2PLYP_H2O_2_plus_R_1.75_fragB.inp,move
ORCA/bench_SIE_DFT/geometry/B2PLYP_H2O_2_plus_R_1.75_loc.inp,benchmarks/sie4x4/inputs/orca_generated/B2PLYP_H2O_2_plus_R_1.75_loc.inp,move
ORCA/bench_SIE_DFT/geometry/B2PLYP_H2O_2_plus_dissociation_limit_def.inp,benchmarks/sie4x4/inputs/orca_generated/B2PLYP_H2O_2_plus_dissociation_limit_def.inp,move
ORCA/bench_SIE_DFT/geometry/B2PLYP_H2O_2_plus_dissociation_limit_fragA.inp,benchmarks/sie4x4/inputs/orca_generated/B2PLYP_H2O_2_plus_dissociation_limit_fragA.inp,move
ORCA/bench_SIE_DFT/geometry/B2PLYP_H2O_2_plus_dissociation_limit_fragB.inp,benchmarks/sie4x4/inputs/orca_generated/B2PLYP_H2O_2_plus_dissociation_limit_fragB.inp,move
ORCA/bench_SIE_DFT/geometry/B2PLYP_H2O_2_plus_dissociation_limit_loc.inp,benchmarks/sie4x4/inputs/orca_generated/B2PLYP_H2O_2_plus_dissociation_limit_loc.inp,move
ORCA/bench_SIE_DFT/geometry/B2PLYP_H2_plus_He_R_1.0_def.inp,benchmarks/sie4x4/inputs/orca_generated/B2PLYP_H2_plus_He_R_1.0_def.inp,move
ORCA/bench_SIE_DFT/geometry/B2PLYP_H2_plus_He_R_1.0_fragA.inp,benchmarks/sie4x4/inputs/orca_generated/B2PLYP_H2_plus_He_R_1.0_fragA.inp,move
ORCA/bench_SIE_DFT/geometry/B2PLYP_H2_plus_He_R_1.0_fragB.inp,benchmarks/sie4x4/inputs/orca_generated/B2PLYP_H2_plus_He_R_1.0_fragB.inp,move
ORCA/bench_SIE_DFT/geometry/B2PLYP_H2_plus_He_R_1.0_loc.inp,benchmarks/sie4x4/inputs/orca_generated/B2PLYP_H2_plus_He_R_1.0_loc.inp,move
ORCA/bench_SIE_DFT/geometry/B2PLYP_H2_plus_He_R_1.25_def.inp,benchmarks/sie4x4/inputs/orca_generated/B2PLYP_H2_plus_He_R_1.25_def.inp,move
ORCA/bench_SIE_DFT/geometry/B2PLYP_H2_plus_He_R_1.25_fragA.inp,benchmarks/sie4x4/inputs/orca_generated/B2PLYP_H2_plus_He_R_1.25_fragA.inp,move
ORCA/bench_SIE_DFT/geometry/B2PLYP_H2_plus_He_R_1.25_fragB.inp,benchmarks/sie4x4/inputs/orca_generated/B2PLYP_H2_plus_He_R_1.25_fragB.inp,move
ORCA/bench_SIE_DFT/geometry/B2PLYP_H2_plus_He_R_1.25_loc.inp,benchmarks/sie4x4/inputs/orca_generated/B2PLYP_H2_plus_He_R_1.25_loc.inp,move
ORCA/bench_SIE_DFT/geometry/B2PLYP_H2_plus_He_R_1.5_def.inp,benchmarks/sie4x4/inputs/orca_generated/B2PLYP_H2_plus_He_R_1.5_def.inp,move
ORCA/bench_SIE_DFT/geometry/B2PLYP_H2_plus_He_R_1.5_fragA.inp,benchmarks/sie4x4/inputs/orca_generated/B2PLYP_H2_plus_He_R_1.5_fragA.inp,move
ORCA/bench_SIE_DFT/geometry/B2PLYP_H2_plus_He_R_1.5_fragB.inp,benchmarks/sie4x4/inputs/orca_generated/B2PLYP_H2_plus_He_R_1.5_fragB.inp,move
ORCA/bench_SIE_DFT/geometry/B2PLYP_H2_plus_He_R_1.5_loc.inp,benchmarks/sie4x4/inputs/orca_generated/B2PLYP_H2_plus_He_R_1.5_loc.inp,move
ORCA/bench_SIE_DFT/geometry/B2PLYP_H2_plus_He_R_1.75_def.inp,benchmarks/sie4x4/inputs/orca_generated/B2PLYP_H2_plus_He_R_1.75_def.inp,move
ORCA/bench_SIE_DFT/geometry/B2PLYP_H2_plus_He_R_1.75_fragA.inp,benchmarks/sie4x4/inputs/orca_generated/B2PLYP_H2_plus_He_R_1.75_fragA.inp,move
ORCA/bench_SIE_DFT/geometry/B2PLYP_H2_plus_He_R_1.75_fragB.inp,benchmarks/sie4x4/inputs/orca_generated/B2PLYP_H2_plus_He_R_1.75_fragB.inp,move
ORCA/bench_SIE_DFT/geometry/B2PLYP_H2_plus_He_R_1.75_loc.inp,benchmarks/sie4x4/inputs/orca_generated/B2PLYP_H2_plus_He_R_1.75_loc.inp,move
ORCA/bench_SIE_DFT/geometry/B2PLYP_H2_plus_He_dissociation_limit_def.inp,benchmarks/sie4x4/inputs/orca_generated/B2PLYP_H2_plus_He_dissociation_limit_def.inp,move
ORCA/bench_SIE_DFT/geometry/B2PLYP_H2_plus_He_dissociation_limit_fragA.inp,benchmarks/sie4x4/inputs/orca_generated/B2PLYP_H2_plus_He_dissociation_limit_fragA.inp,move
ORCA/bench_SIE_DFT/geometry/B2PLYP_H2_plus_He_dissociation_limit_fragB.inp,benchmarks/sie4x4/inputs/orca_generated/B2PLYP_H2_plus_He_dissociation_limit_fragB.inp,move
ORCA/bench_SIE_DFT/geometry/B2PLYP_H2_plus_He_dissociation_limit_loc.inp,benchmarks/sie4x4/inputs/orca_generated/B2PLYP_H2_plus_He_dissociation_limit_loc.inp,move
ORCA/bench_SIE_DFT/geometry/B2PLYP_He2_plus_R_1.0_def.inp,benchmarks/sie4x4/inputs/orca_generated/B2PLYP_He2_plus_R_1.0_def.inp,move
ORCA/bench_SIE_DFT/geometry/B2PLYP_He2_plus_R_1.0_fragA.inp,benchmarks/sie4x4/inputs/orca_generated/B2PLYP_He2_plus_R_1.0_fragA.inp,move
ORCA/bench_SIE_DFT/geometry/B2PLYP_He2_plus_R_1.0_fragB.inp,benchmarks/sie4x4/inputs/orca_generated/B2PLYP_He2_plus_R_1.0_fragB.inp,move
ORCA/bench_SIE_DFT/geometry/B2PLYP_He2_plus_R_1.0_loc.inp,benchmarks/sie4x4/inputs/orca_generated/B2PLYP_He2_plus_R_1.0_loc.inp,move
ORCA/bench_SIE_DFT/geometry/B2PLYP_He2_plus_R_1.25_def.inp,benchmarks/sie4x4/inputs/orca_generated/B2PLYP_He2_plus_R_1.25_def.inp,move
ORCA/bench_SIE_DFT/geometry/B2PLYP_He2_plus_R_1.25_fragA.inp,benchmarks/sie4x4/inputs/orca_generated/B2PLYP_He2_plus_R_1.25_fragA.inp,move
ORCA/bench_SIE_DFT/geometry/B2PLYP_He2_plus_R_1.25_fragB.inp,benchmarks/sie4x4/inputs/orca_generated/B2PLYP_He2_plus_R_1.25_fragB.inp,move
ORCA/bench_SIE_DFT/geometry/B2PLYP_He2_plus_R_1.25_loc.inp,benchmarks/sie4x4/inputs/orca_generated/B2PLYP_He2_plus_R_1.25_loc.inp,move
ORCA/bench_SIE_DFT/geometry/B2PLYP_He2_plus_R_1.5_def.inp,benchmarks/sie4x4/inputs/orca_generated/B2PLYP_He2_plus_R_1.5_def.inp,move
ORCA/bench_SIE_DFT/geometry/B2PLYP_He2_plus_R_1.5_fragA.inp,benchmarks/sie4x4/inputs/orca_generated/B2PLYP_He2_plus_R_1.5_fragA.inp,move
ORCA/bench_SIE_DFT/geometry/B2PLYP_He2_plus_R_1.5_fragB.inp,benchmarks/sie4x4/inputs/orca_generated/B2PLYP_He2_plus_R_1.5_fragB.inp,move
ORCA/bench_SIE_DFT/geometry/B2PLYP_He2_plus_R_1.5_loc.inp,benchmarks/sie4x4/inputs/orca_generated/B2PLYP_He2_plus_R_1.5_loc.inp,move
ORCA/bench_SIE_DFT/geometry/B2PLYP_He2_plus_R_1.75_def.inp,benchmarks/sie4x4/inputs/orca_generated/B2PLYP_He2_plus_R_1.75_def.inp,move
ORCA/bench_SIE_DFT/geometry/B2PLYP_He2_plus_R_1.75_fragA.inp,benchmarks/sie4x4/inputs/orca_generated/B2PLYP_He2_plus_R_1.75_fragA.inp,move
ORCA/bench_SIE_DFT/geometry/B2PLYP_He2_plus_R_1.75_fragB.inp,benchmarks/sie4x4/inputs/orca_generated/B2PLYP_He2_plus_R_1.75_fragB.inp,move
ORCA/bench_SIE_DFT/geometry/B2PLYP_He2_plus_R_1.75_loc.inp,benchmarks/sie4x4/inputs/orca_generated/B2PLYP_He2_plus_R_1.75_loc.inp,move
ORCA/bench_SIE_DFT/geometry/B2PLYP_He2_plus_dissociation_limit_def.inp,benchmarks/sie4x4/inputs/orca_generated/B2PLYP_He2_plus_dissociation_limit_def.inp,move
ORCA/bench_SIE_DFT/geometry/B2PLYP_He2_plus_dissociation_limit_fragA.inp,benchmarks/sie4x4/inputs/orca_generated/B2PLYP_He2_plus_dissociation_limit_fragA.inp,move
ORCA/bench_SIE_DFT/geometry/B2PLYP_He2_plus_dissociation_limit_fragB.inp,benchmarks/sie4x4/inputs/orca_generated/B2PLYP_He2_plus_dissociation_limit_fragB.inp,move
ORCA/bench_SIE_DFT/geometry/B2PLYP_He2_plus_dissociation_limit_loc.inp,benchmarks/sie4x4/inputs/orca_generated/B2PLYP_He2_plus_dissociation_limit_loc.inp,move
ORCA/bench_SIE_DFT/geometry/B2PLYP_NH3_2_plus_R_1.0_def.inp,benchmarks/sie4x4/inputs/orca_generated/B2PLYP_NH3_2_plus_R_1.0_def.inp,move
ORCA/bench_SIE_DFT/geometry/B2PLYP_NH3_2_plus_R_1.0_fragA.inp,benchmarks/sie4x4/inputs/orca_generated/B2PLYP_NH3_2_plus_R_1.0_fragA.inp,move
ORCA/bench_SIE_DFT/geometry/B2PLYP_NH3_2_plus_R_1.0_fragB.inp,benchmarks/sie4x4/inputs/orca_generated/B2PLYP_NH3_2_plus_R_1.0_fragB.inp,move
ORCA/bench_SIE_DFT/geometry/B2PLYP_NH3_2_plus_R_1.0_loc.inp,benchmarks/sie4x4/inputs/orca_generated/B2PLYP_NH3_2_plus_R_1.0_loc.inp,move
ORCA/bench_SIE_DFT/geometry/B2PLYP_NH3_2_plus_R_1.25_def.inp,benchmarks/sie4x4/inputs/orca_generated/B2PLYP_NH3_2_plus_R_1.25_def.inp,move
ORCA/bench_SIE_DFT/geometry/B2PLYP_NH3_2_plus_R_1.25_fragA.inp,benchmarks/sie4x4/inputs/orca_generated/B2PLYP_NH3_2_plus_R_1.25_fragA.inp,move
ORCA/bench_SIE_DFT/geometry/B2PLYP_NH3_2_plus_R_1.25_fragB.inp,benchmarks/sie4x4/inputs/orca_generated/B2PLYP_NH3_2_plus_R_1.25_fragB.inp,move
ORCA/bench_SIE_DFT/geometry/B2PLYP_NH3_2_plus_R_1.25_loc.inp,benchmarks/sie4x4/inputs/orca_generated/B2PLYP_NH3_2_plus_R_1.25_loc.inp,move
ORCA/bench_SIE_DFT/geometry/B2PLYP_NH3_2_plus_R_1.5_def.inp,benchmarks/sie4x4/inputs/orca_generated/B2PLYP_NH3_2_plus_R_1.5_def.inp,move
ORCA/bench_SIE_DFT/geometry/B2PLYP_NH3_2_plus_R_1.5_fragA.inp,benchmarks/sie4x4/inputs/orca_generated/B2PLYP_NH3_2_plus_R_1.5_fragA.inp,move
ORCA/bench_SIE_DFT/geometry/B2PLYP_NH3_2_plus_R_1.5_fragB.inp,benchmarks/sie4x4/inputs/orca_generated/B2PLYP_NH3_2_plus_R_1.5_fragB.inp,move
ORCA/bench_SIE_DFT/geometry/B2PLYP_NH3_2_plus_R_1.5_loc.inp,benchmarks/sie4x4/inputs/orca_generated/B2PLYP_NH3_2_plus_R_1.5_loc.inp,move
ORCA/bench_SIE_DFT/geometry/B2PLYP_NH3_2_plus_R_1.75_def.inp,benchmarks/sie4x4/inputs/orca_generated/B2PLYP_NH3_2_plus_R_1.75_def.inp,move
ORCA/bench_SIE_DFT/geometry/B2PLYP_NH3_2_plus_R_1.75_fragA.inp,benchmarks/sie4x4/inputs/orca_generated/B2PLYP_NH3_2_plus_R_1.75_fragA.inp,move
ORCA/bench_SIE_DFT/geometry/B2PLYP_NH3_2_plus_R_1.75_fragB.inp,benchmarks/sie4x4/inputs/orca_generated/B2PLYP_NH3_2_plus_R_1.75_fragB.inp,move
ORCA/bench_SIE_DFT/geometry/B2PLYP_NH3_2_plus_R_1.75_loc.inp,benchmarks/sie4x4/inputs/orca_generated/B2PLYP_NH3_2_plus_R_1.75_loc.inp,move
ORCA/bench_SIE_DFT/geometry/B2PLYP_NH3_2_plus_dissociation_limit_def.inp,benchmarks/sie4x4/inputs/orca_generated/B2PLYP_NH3_2_plus_dissociation_limit_def.inp,move
ORCA/bench_SIE_DFT/geometry/B2PLYP_NH3_2_plus_dissociation_limit_fragA.inp,benchmarks/sie4x4/inputs/orca_generated/B2PLYP_NH3_2_plus_dissociation_limit_fragA.inp,move
ORCA/bench_SIE_DFT/geometry/B2PLYP_NH3_2_plus_dissociation_limit_fragB.inp,benchmarks/sie4x4/inputs/orca_generated/B2PLYP_NH3_2_plus_dissociation_limit_fragB.inp,move
ORCA/bench_SIE_DFT/geometry/B2PLYP_NH3_2_plus_dissociation_limit_loc.inp,benchmarks/sie4x4/inputs/orca_generated/B2PLYP_NH3_2_plus_dissociation_limit_loc.inp,move
ORCA/bench_SIE_DFT/geometry/DSDPBEP86_H2O_2_plus_R_1.0_def.inp,benchmarks/sie4x4/inputs/orca_generated/DSDPBEP86_H2O_2_plus_R_1.0_def.inp,move
ORCA/bench_SIE_DFT/geometry/DSDPBEP86_H2O_2_plus_R_1.0_fragA.inp,benchmarks/sie4x4/inputs/orca_generated/DSDPBEP86_H2O_2_plus_R_1.0_fragA.inp,move
ORCA/bench_SIE_DFT/geometry/DSDPBEP86_H2O_2_plus_R_1.0_fragB.inp,benchmarks/sie4x4/inputs/orca_generated/DSDPBEP86_H2O_2_plus_R_1.0_fragB.inp,move
ORCA/bench_SIE_DFT/geometry/DSDPBEP86_H2O_2_plus_R_1.0_loc.inp,benchmarks/sie4x4/inputs/orca_generated/DSDPBEP86_H2O_2_plus_R_1.0_loc.inp,move
ORCA/bench_SIE_DFT/geometry/DSDPBEP86_H2O_2_plus_R_1.25_def.inp,benchmarks/sie4x4/inputs/orca_generated/DSDPBEP86_H2O_2_plus_R_1.25_def.inp,move
ORCA/bench_SIE_DFT/geometry/DSDPBEP86_H2O_2_plus_R_1.25_fragA.inp,benchmarks/sie4x4/inputs/orca_generated/DSDPBEP86_H2O_2_plus_R_1.25_fragA.inp,move
ORCA/bench_SIE_DFT/geometry/DSDPBEP86_H2O_2_plus_R_1.25_fragB.inp,benchmarks/sie4x4/inputs/orca_generated/DSDPBEP86_H2O_2_plus_R_1.25_fragB.inp,move
ORCA/bench_SIE_DFT/geometry/DSDPBEP86_H2O_2_plus_R_1.25_loc.inp,benchmarks/sie4x4/inputs/orca_generated/DSDPBEP86_H2O_2_plus_R_1.25_loc.inp,move
ORCA/bench_SIE_DFT/geometry/DSDPBEP86_H2O_2_plus_R_1.5_def.inp,benchmarks/sie4x4/inputs/orca_generated/DSDPBEP86_H2O_2_plus_R_1.5_def.inp,move
ORCA/bench_SIE_DFT/geometry/DSDPBEP86_H2O_2_plus_R_1.5_fragA.inp,benchmarks/sie4x4/inputs/orca_generated/DSDPBEP86_H2O_2_plus_R_1.5_fragA.inp,move
ORCA/bench_SIE_DFT/geometry/DSDPBEP86_H2O_2_plus_R_1.5_fragB.inp,benchmarks/sie4x4/inputs/orca_generated/DSDPBEP86_H2O_2_plus_R_1.5_fragB.inp,move
ORCA/bench_SIE_DFT/geometry/DSDPBEP86_H2O_2_plus_R_1.5_loc.inp,benchmarks/sie4x4/inputs/orca_generated/DSDPBEP86_H2O_2_plus_R_1.5_loc.inp,move
ORCA/bench_SIE_DFT/geometry/DSDPBEP86_H2O_2_plus_R_1.75_def.inp,benchmarks/sie4x4/inputs/orca_generated/DSDPBEP86_H2O_2_plus_R_1.75_def.inp,move
ORCA/bench_SIE_DFT/geometry/DSDPBEP86_H2O_2_plus_R_1.75_fragA.inp,benchmarks/sie4x4/inputs/orca_generated/DSDPBEP86_H2O_2_plus_R_1.75_fragA.inp,move
ORCA/bench_SIE_DFT/geometry/DSDPBEP86_H2O_2_plus_R_1.75_fragB.inp,benchmarks/sie4x4/inputs/orca_generated/DSDPBEP86_H2O_2_plus_R_1.75_fragB.inp,move
ORCA/bench_SIE_DFT/geometry/DSDPBEP86_H2O_2_plus_R_1.75_loc.inp,benchmarks/sie4x4/inputs/orca_generated/DSDPBEP86_H2O_2_plus_R_1.75_loc.inp,move
ORCA/bench_SIE_DFT/geometry/DSDPBEP86_H2O_2_plus_dissociation_limit_def.inp,benchmarks/sie4x4/inputs/orca_generated/DSDPBEP86_H2O_2_plus_dissociation_limit_def.inp,move
ORCA/bench_SIE_DFT/geometry/DSDPBEP86_H2O_2_plus_dissociation_limit_fragA.inp,benchmarks/sie4x4/inputs/orca_generated/DSDPBEP86_H2O_2_plus_dissociation_limit_fragA.inp,move
ORCA/bench_SIE_DFT/geometry/DSDPBEP86_H2O_2_plus_dissociation_limit_fragB.inp,benchmarks/sie4x4/inputs/orca_generated/DSDPBEP86_H2O_2_plus_dissociation_limit_fragB.inp,move
ORCA/bench_SIE_DFT/geometry/DSDPBEP86_H2O_2_plus_dissociation_limit_loc.inp,benchmarks/sie4x4/inputs/orca_generated/DSDPBEP86_H2O_2_plus_dissociation_limit_loc.inp,move
ORCA/bench_SIE_DFT/geometry/DSDPBEP86_H2_plus_He_R_1.0_def.inp,benchmarks/sie4x4/inputs/orca_generated/DSDPBEP86_H2_plus_He_R_1.0_def.inp,move
ORCA/bench_SIE_DFT/geometry/DSDPBEP86_H2_plus_He_R_1.0_fragA.inp,benchmarks/sie4x4/inputs/orca_generated/DSDPBEP86_H2_plus_He_R_1.0_fragA.inp,move
ORCA/bench_SIE_DFT/geometry/DSDPBEP86_H2_plus_He_R_1.0_fragB.inp,benchmarks/sie4x4/inputs/orca_generated/DSDPBEP86_H2_plus_He_R_1.0_fragB.inp,move
ORCA/bench_SIE_DFT/geometry/DSDPBEP86_H2_plus_He_R_1.0_loc.inp,benchmarks/sie4x4/inputs/orca_generated/DSDPBEP86_H2_plus_He_R_1.0_loc.inp,move
ORCA/bench_SIE_DFT/geometry/DSDPBEP86_H2_plus_He_R_1.25_def.inp,benchmarks/sie4x4/inputs/orca_generated/DSDPBEP86_H2_plus_He_R_1.25_def.inp,move
ORCA/bench_SIE_DFT/geometry/DSDPBEP86_H2_plus_He_R_1.25_fragA.inp,benchmarks/sie4x4/inputs/orca_generated/DSDPBEP86_H2_plus_He_R_1.25_fragA.inp,move
ORCA/bench_SIE_DFT/geometry/DSDPBEP86_H2_plus_He_R_1.25_fragB.inp,benchmarks/sie4x4/inputs/orca_generated/DSDPBEP86_H2_plus_He_R_1.25_fragB.inp,move
ORCA/bench_SIE_DFT/geometry/DSDPBEP86_H2_plus_He_R_1.25_loc.inp,benchmarks/sie4x4/inputs/orca_generated/DSDPBEP86_H2_plus_He_R_1.25_loc.inp,move
ORCA/bench_SIE_DFT/geometry/DSDPBEP86_H2_plus_He_R_1.5_def.inp,benchmarks/sie4x4/inputs/orca_generated/DSDPBEP86_H2_plus_He_R_1.5_def.inp,move
ORCA/bench_SIE_DFT/geometry/DSDPBEP86_H2_plus_He_R_1.5_fragA.inp,benchmarks/sie4x4/inputs/orca_generated/DSDPBEP86_H2_plus_He_R_1.5_fragA.inp,move
ORCA/bench_SIE_DFT/geometry/DSDPBEP86_H2_plus_He_R_1.5_fragB.inp,benchmarks/sie4x4/inputs/orca_generated/DSDPBEP86_H2_plus_He_R_1.5_fragB.inp,move
ORCA/bench_SIE_DFT/geometry/DSDPBEP86_H2_plus_He_R_1.5_loc.inp,benchmarks/sie4x4/inputs/orca_generated/DSDPBEP86_H2_plus_He_R_1.5_loc.inp,move
ORCA/bench_SIE_DFT/geometry/DSDPBEP86_H2_plus_He_R_1.75_def.inp,benchmarks/sie4x4/inputs/orca_generated/DSDPBEP86_H2_plus_He_R_1.75_def.inp,move
ORCA/bench_SIE_DFT/geometry/DSDPBEP86_H2_plus_He_R_1.75_fragA.inp,benchmarks/sie4x4/inputs/orca_generated/DSDPBEP86_H2_plus_He_R_1.75_fragA.inp,move
ORCA/bench_SIE_DFT/geometry/DSDPBEP86_H2_plus_He_R_1.75_fragB.inp,benchmarks/sie4x4/inputs/orca_generated/DSDPBEP86_H2_plus_He_R_1.75_fragB.inp,move
ORCA/bench_SIE_DFT/geometry/DSDPBEP86_H2_plus_He_R_1.75_loc.inp,benchmarks/sie4x4/inputs/orca_generated/DSDPBEP86_H2_plus_He_R_1.75_loc.inp,move
ORCA/bench_SIE_DFT/geometry/DSDPBEP86_H2_plus_He_dissociation_limit_def.inp,benchmarks/sie4x4/inputs/orca_generated/DSDPBEP86_H2_plus_He_dissociation_limit_def.inp,move
ORCA/bench_SIE_DFT/geometry/DSDPBEP86_H2_plus_He_dissociation_limit_fragA.inp,benchmarks/sie4x4/inputs/orca_generated/DSDPBEP86_H2_plus_He_dissociation_limit_fragA.inp,move
ORCA/bench_SIE_DFT/geometry/DSDPBEP86_H2_plus_He_dissociation_limit_fragB.inp,benchmarks/sie4x4/inputs/orca_generated/DSDPBEP86_H2_plus_He_dissociation_limit_fragB.inp,move
ORCA/bench_SIE_DFT/geometry/DSDPBEP86_H2_plus_He_dissociation_limit_loc.inp,benchmarks/sie4x4/inputs/orca_generated/DSDPBEP86_H2_plus_He_dissociation_limit_loc.inp,move
ORCA/bench_SIE_DFT/geometry/DSDPBEP86_He2_plus_R_1.0_def.inp,benchmarks/sie4x4/inputs/orca_generated/DSDPBEP86_He2_plus_R_1.0_def.inp,move
ORCA/bench_SIE_DFT/geometry/DSDPBEP86_He2_plus_R_1.0_fragA.inp,benchmarks/sie4x4/inputs/orca_generated/DSDPBEP86_He2_plus_R_1.0_fragA.inp,move
ORCA/bench_SIE_DFT/geometry/DSDPBEP86_He2_plus_R_1.0_fragB.inp,benchmarks/sie4x4/inputs/orca_generated/DSDPBEP86_He2_plus_R_1.0_fragB.inp,move
ORCA/bench_SIE_DFT/geometry/DSDPBEP86_He2_plus_R_1.0_loc.inp,benchmarks/sie4x4/inputs/orca_generated/DSDPBEP86_He2_plus_R_1.0_loc.inp,move
ORCA/bench_SIE_DFT/geometry/DSDPBEP86_He2_plus_R_1.25_def.inp,benchmarks/sie4x4/inputs/orca_generated/DSDPBEP86_He2_plus_R_1.25_def.inp,move
ORCA/bench_SIE_DFT/geometry/DSDPBEP86_He2_plus_R_1.25_fragA.inp,benchmarks/sie4x4/inputs/orca_generated/DSDPBEP86_He2_plus_R_1.25_fragA.inp,move
ORCA/bench_SIE_DFT/geometry/DSDPBEP86_He2_plus_R_1.25_fragB.inp,benchmarks/sie4x4/inputs/orca_generated/DSDPBEP86_He2_plus_R_1.25_fragB.inp,move
ORCA/bench_SIE_DFT/geometry/DSDPBEP86_He2_plus_R_1.25_loc.inp,benchmarks/sie4x4/inputs/orca_generated/DSDPBEP86_He2_plus_R_1.25_loc.inp,move
ORCA/bench_SIE_DFT/geometry/DSDPBEP86_He2_plus_R_1.5_def.inp,benchmarks/sie4x4/inputs/orca_generated/DSDPBEP86_He2_plus_R_1.5_def.inp,move
ORCA/bench_SIE_DFT/geometry/DSDPBEP86_He2_plus_R_1.5_fragA.inp,benchmarks/sie4x4/inputs/orca_generated/DSDPBEP86_He2_plus_R_1.5_fragA.inp,move
ORCA/bench_SIE_DFT/geometry/DSDPBEP86_He2_plus_R_1.5_fragB.inp,benchmarks/sie4x4/inputs/orca_generated/DSDPBEP86_He2_plus_R_1.5_fragB.inp,move
ORCA/bench_SIE_DFT/geometry/DSDPBEP86_He2_plus_R_1.5_loc.inp,benchmarks/sie4x4/inputs/orca_generated/DSDPBEP86_He2_plus_R_1.5_loc.inp,move
ORCA/bench_SIE_DFT/geometry/DSDPBEP86_He2_plus_R_1.75_def.inp,benchmarks/sie4x4/inputs/orca_generated/DSDPBEP86_He2_plus_R_1.75_def.inp,move
ORCA/bench_SIE_DFT/geometry/DSDPBEP86_He2_plus_R_1.75_fragA.inp,benchmarks/sie4x4/inputs/orca_generated/DSDPBEP86_He2_plus_R_1.75_fragA.inp,move
ORCA/bench_SIE_DFT/geometry/DSDPBEP86_He2_plus_R_1.75_fragB.inp,benchmarks/sie4x4/inputs/orca_generated/DSDPBEP86_He2_plus_R_1.75_fragB.inp,move
ORCA/bench_SIE_DFT/geometry/DSDPBEP86_He2_plus_R_1.75_loc.inp,benchmarks/sie4x4/inputs/orca_generated/DSDPBEP86_He2_plus_R_1.75_loc.inp,move
ORCA/bench_SIE_DFT/geometry/DSDPBEP86_He2_plus_dissociation_limit_def.inp,benchmarks/sie4x4/inputs/orca_generated/DSDPBEP86_He2_plus_dissociation_limit_def.inp,move
ORCA/bench_SIE_DFT/geometry/DSDPBEP86_He2_plus_dissociation_limit_fragA.inp,benchmarks/sie4x4/inputs/orca_generated/DSDPBEP86_He2_plus_dissociation_limit_fragA.inp,move
ORCA/bench_SIE_DFT/geometry/DSDPBEP86_He2_plus_dissociation_limit_fragB.inp,benchmarks/sie4x4/inputs/orca_generated/DSDPBEP86_He2_plus_dissociation_limit_fragB.inp,move
ORCA/bench_SIE_DFT/geometry/DSDPBEP86_He2_plus_dissociation_limit_loc.inp,benchmarks/sie4x4/inputs/orca_generated/DSDPBEP86_He2_plus_dissociation_limit_loc.inp,move
ORCA/bench_SIE_DFT/geometry/DSDPBEP86_NH3_2_plus_R_1.0_def.inp,benchmarks/sie4x4/inputs/orca_generated/DSDPBEP86_NH3_2_plus_R_1.0_def.inp,move
ORCA/bench_SIE_DFT/geometry/DSDPBEP86_NH3_2_plus_R_1.0_fragA.inp,benchmarks/sie4x4/inputs/orca_generated/DSDPBEP86_NH3_2_plus_R_1.0_fragA.inp,move
ORCA/bench_SIE_DFT/geometry/DSDPBEP86_NH3_2_plus_R_1.0_fragB.inp,benchmarks/sie4x4/inputs/orca_generated/DSDPBEP86_NH3_2_plus_R_1.0_fragB.inp,move
ORCA/bench_SIE_DFT/geometry/DSDPBEP86_NH3_2_plus_R_1.0_loc.inp,benchmarks/sie4x4/inputs/orca_generated/DSDPBEP86_NH3_2_plus_R_1.0_loc.inp,move
ORCA/bench_SIE_DFT/geometry/DSDPBEP86_NH3_2_plus_R_1.25_def.inp,benchmarks/sie4x4/inputs/orca_generated/DSDPBEP86_NH3_2_plus_R_1.25_def.inp,move
ORCA/bench_SIE_DFT/geometry/DSDPBEP86_NH3_2_plus_R_1.25_fragA.inp,benchmarks/sie4x4/inputs/orca_generated/DSDPBEP86_NH3_2_plus_R_1.25_fragA.inp,move
ORCA/bench_SIE_DFT/geometry/DSDPBEP86_NH3_2_plus_R_1.25_fragB.inp,benchmarks/sie4x4/inputs/orca_generated/DSDPBEP86_NH3_2_plus_R_1.25_fragB.inp,move
ORCA/bench_SIE_DFT/geometry/DSDPBEP86_NH3_2_plus_R_1.25_loc.inp,benchmarks/sie4x4/inputs/orca_generated/DSDPBEP86_NH3_2_plus_R_1.25_loc.inp,move
ORCA/bench_SIE_DFT/geometry/DSDPBEP86_NH3_2_plus_R_1.5_def.inp,benchmarks/sie4x4/inputs/orca_generated/DSDPBEP86_NH3_2_plus_R_1.5_def.inp,move
ORCA/bench_SIE_DFT/geometry/DSDPBEP86_NH3_2_plus_R_1.5_fragA.inp,benchmarks/sie4x4/inputs/orca_generated/DSDPBEP86_NH3_2_plus_R_1.5_fragA.inp,move
ORCA/bench_SIE_DFT/geometry/DSDPBEP86_NH3_2_plus_R_1.5_fragB.inp,benchmarks/sie4x4/inputs/orca_generated/DSDPBEP86_NH3_2_plus_R_1.5_fragB.inp,move
ORCA/bench_SIE_DFT/geometry/DSDPBEP86_NH3_2_plus_R_1.5_loc.inp,benchmarks/sie4x4/inputs/orca_generated/DSDPBEP86_NH3_2_plus_R_1.5_loc.inp,move
ORCA/bench_SIE_DFT/geometry/DSDPBEP86_NH3_2_plus_R_1.75_def.inp,benchmarks/sie4x4/inputs/orca_generated/DSDPBEP86_NH3_2_plus_R_1.75_def.inp,move
ORCA/bench_SIE_DFT/geometry/DSDPBEP86_NH3_2_plus_R_1.75_fragA.inp,benchmarks/sie4x4/inputs/orca_generated/DSDPBEP86_NH3_2_plus_R_1.75_fragA.inp,move
ORCA/bench_SIE_DFT/geometry/DSDPBEP86_NH3_2_plus_R_1.75_fragB.inp,benchmarks/sie4x4/inputs/orca_generated/DSDPBEP86_NH3_2_plus_R_1.75_fragB.inp,move
ORCA/bench_SIE_DFT/geometry/DSDPBEP86_NH3_2_plus_R_1.75_loc.inp,benchmarks/sie4x4/inputs/orca_generated/DSDPBEP86_NH3_2_plus_R_1.75_loc.inp,move
ORCA/bench_SIE_DFT/geometry/DSDPBEP86_NH3_2_plus_dissociation_limit_def.inp,benchmarks/sie4x4/inputs/orca_generated/DSDPBEP86_NH3_2_plus_dissociation_limit_def.inp,move
ORCA/bench_SIE_DFT/geometry/DSDPBEP86_NH3_2_plus_dissociation_limit_fragA.inp,benchmarks/sie4x4/inputs/orca_generated/DSDPBEP86_NH3_2_plus_dissociation_limit_fragA.inp,move
ORCA/bench_SIE_DFT/geometry/DSDPBEP86_NH3_2_plus_dissociation_limit_fragB.inp,benchmarks/sie4x4/inputs/orca_generated/DSDPBEP86_NH3_2_plus_dissociation_limit_fragB.inp,move
ORCA/bench_SIE_DFT/geometry/DSDPBEP86_NH3_2_plus_dissociation_limit_loc.inp,benchmarks/sie4x4/inputs/orca_generated/DSDPBEP86_NH3_2_plus_dissociation_limit_loc.inp,move
ORCA/bench_SIE_DFT/geometry/PBE_H2O_2_plus_R_1.0_def.inp,benchmarks/sie4x4/inputs/orca_generated/PBE_H2O_2_plus_R_1.0_def.inp,move
ORCA/bench_SIE_DFT/geometry/PBE_H2O_2_plus_R_1.25_def.inp,benchmarks/sie4x4/inputs/orca_generated/PBE_H2O_2_plus_R_1.25_def.inp,move
ORCA/bench_SIE_DFT/geometry/PBE_H2O_2_plus_R_1.5_def.inp,benchmarks/sie4x4/inputs/orca_generated/PBE_H2O_2_plus_R_1.5_def.inp,move
ORCA/bench_SIE_DFT/geometry/PBE_H2O_2_plus_R_1.75_def.inp,benchmarks/sie4x4/inputs/orca_generated/PBE_H2O_2_plus_R_1.75_def.inp,move
ORCA/bench_SIE_DFT/geometry/PBE_H2O_2_plus_dissociation_limit_def.inp,benchmarks/sie4x4/inputs/orca_generated/PBE_H2O_2_plus_dissociation_limit_def.inp,move
ORCA/bench_SIE_DFT/geometry/PBE_H2_plus_He_R_1.0_def.inp,benchmarks/sie4x4/inputs/orca_generated/PBE_H2_plus_He_R_1.0_def.inp,move
ORCA/bench_SIE_DFT/geometry/PBE_H2_plus_He_R_1.25_def.inp,benchmarks/sie4x4/inputs/orca_generated/PBE_H2_plus_He_R_1.25_def.inp,move
ORCA/bench_SIE_DFT/geometry/PBE_H2_plus_He_R_1.5_def.inp,benchmarks/sie4x4/inputs/orca_generated/PBE_H2_plus_He_R_1.5_def.inp,move
ORCA/bench_SIE_DFT/geometry/PBE_H2_plus_He_R_1.75_def.inp,benchmarks/sie4x4/inputs/orca_generated/PBE_H2_plus_He_R_1.75_def.inp,move
ORCA/bench_SIE_DFT/geometry/PBE_H2_plus_He_dissociation_limit_def.inp,benchmarks/sie4x4/inputs/orca_generated/PBE_H2_plus_He_dissociation_limit_def.inp,move
ORCA/bench_SIE_DFT/geometry/PBE_He2_plus_R_1.0_def.inp,benchmarks/sie4x4/inputs/orca_generated/PBE_He2_plus_R_1.0_def.inp,move
ORCA/bench_SIE_DFT/geometry/PBE_He2_plus_R_1.25_def.inp,benchmarks/sie4x4/inputs/orca_generated/PBE_He2_plus_R_1.25_def.inp,move
ORCA/bench_SIE_DFT/geometry/PBE_He2_plus_R_1.5_def.inp,benchmarks/sie4x4/inputs/orca_generated/PBE_He2_plus_R_1.5_def.inp,move
ORCA/bench_SIE_DFT/geometry/PBE_He2_plus_R_1.75_def.inp,benchmarks/sie4x4/inputs/orca_generated/PBE_He2_plus_R_1.75_def.inp,move
ORCA/bench_SIE_DFT/geometry/PBE_He2_plus_dissociation_limit_def.inp,benchmarks/sie4x4/inputs/orca_generated/PBE_He2_plus_dissociation_limit_def.inp,move
ORCA/bench_SIE_DFT/geometry/PBE_NH3_2_plus_R_1.0_def.inp,benchmarks/sie4x4/inputs/orca_generated/PBE_NH3_2_plus_R_1.0_def.inp,move
ORCA/bench_SIE_DFT/geometry/PBE_NH3_2_plus_R_1.25_def.inp,benchmarks/sie4x4/inputs/orca_generated/PBE_NH3_2_plus_R_1.25_def.inp,move
ORCA/bench_SIE_DFT/geometry/PBE_NH3_2_plus_R_1.5_def.inp,benchmarks/sie4x4/inputs/orca_generated/PBE_NH3_2_plus_R_1.5_def.inp,move
ORCA/bench_SIE_DFT/geometry/PBE_NH3_2_plus_R_1.75_def.inp,benchmarks/sie4x4/inputs/orca_generated/PBE_NH3_2_plus_R_1.75_def.inp,move
ORCA/bench_SIE_DFT/geometry/PBE_NH3_2_plus_dissociation_limit_def.inp,benchmarks/sie4x4/inputs/orca_generated/PBE_NH3_2_plus_dissociation_limit_def.inp,move
ORCA/bench_SIE_DFT/geometry/PWPB95_H2O_2_plus_R_1.0_def.inp,benchmarks/sie4x4/inputs/orca_generated/PWPB95_H2O_2_plus_R_1.0_def.inp,move
ORCA/bench_SIE_DFT/geometry/PWPB95_H2O_2_plus_R_1.0_fragA.inp,benchmarks/sie4x4/inputs/orca_generated/PWPB95_H2O_2_plus_R_1.0_fragA.inp,move
ORCA/bench_SIE_DFT/geometry/PWPB95_H2O_2_plus_R_1.0_fragB.inp,benchmarks/sie4x4/inputs/orca_generated/PWPB95_H2O_2_plus_R_1.0_fragB.inp,move
ORCA/bench_SIE_DFT/geometry/PWPB95_H2O_2_plus_R_1.0_loc.inp,benchmarks/sie4x4/inputs/orca_generated/PWPB95_H2O_2_plus_R_1.0_loc.inp,move
ORCA/bench_SIE_DFT/geometry/PWPB95_H2O_2_plus_R_1.25_def.inp,benchmarks/sie4x4/inputs/orca_generated/PWPB95_H2O_2_plus_R_1.25_def.inp,move
ORCA/bench_SIE_DFT/geometry/PWPB95_H2O_2_plus_R_1.25_fragA.inp,benchmarks/sie4x4/inputs/orca_generated/PWPB95_H2O_2_plus_R_1.25_fragA.inp,move
ORCA/bench_SIE_DFT/geometry/PWPB95_H2O_2_plus_R_1.25_fragB.inp,benchmarks/sie4x4/inputs/orca_generated/PWPB95_H2O_2_plus_R_1.25_fragB.inp,move
ORCA/bench_SIE_DFT/geometry/PWPB95_H2O_2_plus_R_1.25_loc.inp,benchmarks/sie4x4/inputs/orca_generated/PWPB95_H2O_2_plus_R_1.25_loc.inp,move
ORCA/bench_SIE_DFT/geometry/PWPB95_H2O_2_plus_R_1.5_def.inp,benchmarks/sie4x4/inputs/orca_generated/PWPB95_H2O_2_plus_R_1.5_def.inp,move
ORCA/bench_SIE_DFT/geometry/PWPB95_H2O_2_plus_R_1.5_fragA.inp,benchmarks/sie4x4/inputs/orca_generated/PWPB95_H2O_2_plus_R_1.5_fragA.inp,move
ORCA/bench_SIE_DFT/geometry/PWPB95_H2O_2_plus_R_1.5_fragB.inp,benchmarks/sie4x4/inputs/orca_generated/PWPB95_H2O_2_plus_R_1.5_fragB.inp,move
ORCA/bench_SIE_DFT/geometry/PWPB95_H2O_2_plus_R_1.5_loc.inp,benchmarks/sie4x4/inputs/orca_generated/PWPB95_H2O_2_plus_R_1.5_loc.inp,move
ORCA/bench_SIE_DFT/geometry/PWPB95_H2O_2_plus_R_1.75_def.inp,benchmarks/sie4x4/inputs/orca_generated/PWPB95_H2O_2_plus_R_1.75_def.inp,move
ORCA/bench_SIE_DFT/geometry/PWPB95_H2O_2_plus_R_1.75_fragA.inp,benchmarks/sie4x4/inputs/orca_generated/PWPB95_H2O_2_plus_R_1.75_fragA.inp,move
ORCA/bench_SIE_DFT/geometry/PWPB95_H2O_2_plus_R_1.75_fragB.inp,benchmarks/sie4x4/inputs/orca_generated/PWPB95_H2O_2_plus_R_1.75_fragB.inp,move
ORCA/bench_SIE_DFT/geometry/PWPB95_H2O_2_plus_R_1.75_loc.inp,benchmarks/sie4x4/inputs/orca_generated/PWPB95_H2O_2_plus_R_1.75_loc.inp,move
ORCA/bench_SIE_DFT/geometry/PWPB95_H2O_2_plus_dissociation_limit_def.inp,benchmarks/sie4x4/inputs/orca_generated/PWPB95_H2O_2_plus_dissociation_limit_def.inp,move
ORCA/bench_SIE_DFT/geometry/PWPB95_H2O_2_plus_dissociation_limit_fragA.inp,benchmarks/sie4x4/inputs/orca_generated/PWPB95_H2O_2_plus_dissociation_limit_fragA.inp,move
ORCA/bench_SIE_DFT/geometry/PWPB95_H2O_2_plus_dissociation_limit_fragB.inp,benchmarks/sie4x4/inputs/orca_generated/PWPB95_H2O_2_plus_dissociation_limit_fragB.inp,move
ORCA/bench_SIE_DFT/geometry/PWPB95_H2O_2_plus_dissociation_limit_loc.inp,benchmarks/sie4x4/inputs/orca_generated/PWPB95_H2O_2_plus_dissociation_limit_loc.inp,move
ORCA/bench_SIE_DFT/geometry/PWPB95_H2_plus_He_R_1.0_def.inp,benchmarks/sie4x4/inputs/orca_generated/PWPB95_H2_plus_He_R_1.0_def.inp,move
ORCA/bench_SIE_DFT/geometry/PWPB95_H2_plus_He_R_1.0_fragA.inp,benchmarks/sie4x4/inputs/orca_generated/PWPB95_H2_plus_He_R_1.0_fragA.inp,move
ORCA/bench_SIE_DFT/geometry/PWPB95_H2_plus_He_R_1.0_fragB.inp,benchmarks/sie4x4/inputs/orca_generated/PWPB95_H2_plus_He_R_1.0_fragB.inp,move
ORCA/bench_SIE_DFT/geometry/PWPB95_H2_plus_He_R_1.0_loc.inp,benchmarks/sie4x4/inputs/orca_generated/PWPB95_H2_plus_He_R_1.0_loc.inp,move
ORCA/bench_SIE_DFT/geometry/PWPB95_H2_plus_He_R_1.25_def.inp,benchmarks/sie4x4/inputs/orca_generated/PWPB95_H2_plus_He_R_1.25_def.inp,move
ORCA/bench_SIE_DFT/geometry/PWPB95_H2_plus_He_R_1.25_fragA.inp,benchmarks/sie4x4/inputs/orca_generated/PWPB95_H2_plus_He_R_1.25_fragA.inp,move
ORCA/bench_SIE_DFT/geometry/PWPB95_H2_plus_He_R_1.25_fragB.inp,benchmarks/sie4x4/inputs/orca_generated/PWPB95_H2_plus_He_R_1.25_fragB.inp,move
ORCA/bench_SIE_DFT/geometry/PWPB95_H2_plus_He_R_1.25_loc.inp,benchmarks/sie4x4/inputs/orca_generated/PWPB95_H2_plus_He_R_1.25_loc.inp,move
ORCA/bench_SIE_DFT/geometry/PWPB95_H2_plus_He_R_1.5_def.inp,benchmarks/sie4x4/inputs/orca_generated/PWPB95_H2_plus_He_R_1.5_def.inp,move
ORCA/bench_SIE_DFT/geometry/PWPB95_H2_plus_He_R_1.5_fragA.inp,benchmarks/sie4x4/inputs/orca_generated/PWPB95_H2_plus_He_R_1.5_fragA.inp,move
ORCA/bench_SIE_DFT/geometry/PWPB95_H2_plus_He_R_1.5_fragB.inp,benchmarks/sie4x4/inputs/orca_generated/PWPB95_H2_plus_He_R_1.5_fragB.inp,move
ORCA/bench_SIE_DFT/geometry/PWPB95_H2_plus_He_R_1.5_loc.inp,benchmarks/sie4x4/inputs/orca_generated/PWPB95_H2_plus_He_R_1.5_loc.inp,move
ORCA/bench_SIE_DFT/geometry/PWPB95_H2_plus_He_R_1.75_def.inp,benchmarks/sie4x4/inputs/orca_generated/PWPB95_H2_plus_He_R_1.75_def.inp,move
ORCA/bench_SIE_DFT/geometry/PWPB95_H2_plus_He_R_1.75_fragA.inp,benchmarks/sie4x4/inputs/orca_generated/PWPB95_H2_plus_He_R_1.75_fragA.inp,move
ORCA/bench_SIE_DFT/geometry/PWPB95_H2_plus_He_R_1.75_fragB.inp,benchmarks/sie4x4/inputs/orca_generated/PWPB95_H2_plus_He_R_1.75_fragB.inp,move
ORCA/bench_SIE_DFT/geometry/PWPB95_H2_plus_He_R_1.75_loc.inp,benchmarks/sie4x4/inputs/orca_generated/PWPB95_H2_plus_He_R_1.75_loc.inp,move
ORCA/bench_SIE_DFT/geometry/PWPB95_H2_plus_He_dissociation_limit_def.inp,benchmarks/sie4x4/inputs/orca_generated/PWPB95_H2_plus_He_dissociation_limit_def.inp,move
ORCA/bench_SIE_DFT/geometry/PWPB95_H2_plus_He_dissociation_limit_fragA.inp,benchmarks/sie4x4/inputs/orca_generated/PWPB95_H2_plus_He_dissociation_limit_fragA.inp,move
ORCA/bench_SIE_DFT/geometry/PWPB95_H2_plus_He_dissociation_limit_fragB.inp,benchmarks/sie4x4/inputs/orca_generated/PWPB95_H2_plus_He_dissociation_limit_fragB.inp,move
ORCA/bench_SIE_DFT/geometry/PWPB95_H2_plus_He_dissociation_limit_loc.inp,benchmarks/sie4x4/inputs/orca_generated/PWPB95_H2_plus_He_dissociation_limit_loc.inp,move
ORCA/bench_SIE_DFT/geometry/PWPB95_He2_plus_R_1.0_def.inp,benchmarks/sie4x4/inputs/orca_generated/PWPB95_He2_plus_R_1.0_def.inp,move
ORCA/bench_SIE_DFT/geometry/PWPB95_He2_plus_R_1.0_fragA.inp,benchmarks/sie4x4/inputs/orca_generated/PWPB95_He2_plus_R_1.0_fragA.inp,move
ORCA/bench_SIE_DFT/geometry/PWPB95_He2_plus_R_1.0_fragB.inp,benchmarks/sie4x4/inputs/orca_generated/PWPB95_He2_plus_R_1.0_fragB.inp,move
ORCA/bench_SIE_DFT/geometry/PWPB95_He2_plus_R_1.0_loc.inp,benchmarks/sie4x4/inputs/orca_generated/PWPB95_He2_plus_R_1.0_loc.inp,move
ORCA/bench_SIE_DFT/geometry/PWPB95_He2_plus_R_1.25_def.inp,benchmarks/sie4x4/inputs/orca_generated/PWPB95_He2_plus_R_1.25_def.inp,move
ORCA/bench_SIE_DFT/geometry/PWPB95_He2_plus_R_1.25_fragA.inp,benchmarks/sie4x4/inputs/orca_generated/PWPB95_He2_plus_R_1.25_fragA.inp,move
ORCA/bench_SIE_DFT/geometry/PWPB95_He2_plus_R_1.25_fragB.inp,benchmarks/sie4x4/inputs/orca_generated/PWPB95_He2_plus_R_1.25_fragB.inp,move
ORCA/bench_SIE_DFT/geometry/PWPB95_He2_plus_R_1.25_loc.inp,benchmarks/sie4x4/inputs/orca_generated/PWPB95_He2_plus_R_1.25_loc.inp,move
ORCA/bench_SIE_DFT/geometry/PWPB95_He2_plus_R_1.5_def.inp,benchmarks/sie4x4/inputs/orca_generated/PWPB95_He2_plus_R_1.5_def.inp,move
ORCA/bench_SIE_DFT/geometry/PWPB95_He2_plus_R_1.5_fragA.inp,benchmarks/sie4x4/inputs/orca_generated/PWPB95_He2_plus_R_1.5_fragA.inp,move
ORCA/bench_SIE_DFT/geometry/PWPB95_He2_plus_R_1.5_fragB.inp,benchmarks/sie4x4/inputs/orca_generated/PWPB95_He2_plus_R_1.5_fragB.inp,move
ORCA/bench_SIE_DFT/geometry/PWPB95_He2_plus_R_1.5_loc.inp,benchmarks/sie4x4/inputs/orca_generated/PWPB95_He2_plus_R_1.5_loc.inp,move
ORCA/bench_SIE_DFT/geometry/PWPB95_He2_plus_R_1.75_def.inp,benchmarks/sie4x4/inputs/orca_generated/PWPB95_He2_plus_R_1.75_def.inp,move
ORCA/bench_SIE_DFT/geometry/PWPB95_He2_plus_R_1.75_fragA.inp,benchmarks/sie4x4/inputs/orca_generated/PWPB95_He2_plus_R_1.75_fragA.inp,move
ORCA/bench_SIE_DFT/geometry/PWPB95_He2_plus_R_1.75_fragB.inp,benchmarks/sie4x4/inputs/orca_generated/PWPB95_He2_plus_R_1.75_fragB.inp,move
ORCA/bench_SIE_DFT/geometry/PWPB95_He2_plus_R_1.75_loc.inp,benchmarks/sie4x4/inputs/orca_generated/PWPB95_He2_plus_R_1.75_loc.inp,move
ORCA/bench_SIE_DFT/geometry/PWPB95_He2_plus_dissociation_limit_def.inp,benchmarks/sie4x4/inputs/orca_generated/PWPB95_He2_plus_dissociation_limit_def.inp,move
ORCA/bench_SIE_DFT/geometry/PWPB95_He2_plus_dissociation_limit_fragA.inp,benchmarks/sie4x4/inputs/orca_generated/PWPB95_He2_plus_dissociation_limit_fragA.inp,move
ORCA/bench_SIE_DFT/geometry/PWPB95_He2_plus_dissociation_limit_fragB.inp,benchmarks/sie4x4/inputs/orca_generated/PWPB95_He2_plus_dissociation_limit_fragB.inp,move
ORCA/bench_SIE_DFT/geometry/PWPB95_He2_plus_dissociation_limit_loc.inp,benchmarks/sie4x4/inputs/orca_generated/PWPB95_He2_plus_dissociation_limit_loc.inp,move
ORCA/bench_SIE_DFT/geometry/PWPB95_NH3_2_plus_R_1.0_def.inp,benchmarks/sie4x4/inputs/orca_generated/PWPB95_NH3_2_plus_R_1.0_def.inp,move
ORCA/bench_SIE_DFT/geometry/PWPB95_NH3_2_plus_R_1.0_fragA.inp,benchmarks/sie4x4/inputs/orca_generated/PWPB95_NH3_2_plus_R_1.0_fragA.inp,move
ORCA/bench_SIE_DFT/geometry/PWPB95_NH3_2_plus_R_1.0_fragB.inp,benchmarks/sie4x4/inputs/orca_generated/PWPB95_NH3_2_plus_R_1.0_fragB.inp,move
ORCA/bench_SIE_DFT/geometry/PWPB95_NH3_2_plus_R_1.0_loc.inp,benchmarks/sie4x4/inputs/orca_generated/PWPB95_NH3_2_plus_R_1.0_loc.inp,move
ORCA/bench_SIE_DFT/geometry/PWPB95_NH3_2_plus_R_1.25_def.inp,benchmarks/sie4x4/inputs/orca_generated/PWPB95_NH3_2_plus_R_1.25_def.inp,move
ORCA/bench_SIE_DFT/geometry/PWPB95_NH3_2_plus_R_1.25_fragA.inp,benchmarks/sie4x4/inputs/orca_generated/PWPB95_NH3_2_plus_R_1.25_fragA.inp,move
ORCA/bench_SIE_DFT/geometry/PWPB95_NH3_2_plus_R_1.25_fragB.inp,benchmarks/sie4x4/inputs/orca_generated/PWPB95_NH3_2_plus_R_1.25_fragB.inp,move
ORCA/bench_SIE_DFT/geometry/PWPB95_NH3_2_plus_R_1.25_loc.inp,benchmarks/sie4x4/inputs/orca_generated/PWPB95_NH3_2_plus_R_1.25_loc.inp,move
ORCA/bench_SIE_DFT/geometry/PWPB95_NH3_2_plus_R_1.5_def.inp,benchmarks/sie4x4/inputs/orca_generated/PWPB95_NH3_2_plus_R_1.5_def.inp,move
ORCA/bench_SIE_DFT/geometry/PWPB95_NH3_2_plus_R_1.5_fragA.inp,benchmarks/sie4x4/inputs/orca_generated/PWPB95_NH3_2_plus_R_1.5_fragA.inp,move
ORCA/bench_SIE_DFT/geometry/PWPB95_NH3_2_plus_R_1.5_fragB.inp,benchmarks/sie4x4/inputs/orca_generated/PWPB95_NH3_2_plus_R_1.5_fragB.inp,move
ORCA/bench_SIE_DFT/geometry/PWPB95_NH3_2_plus_R_1.5_loc.inp,benchmarks/sie4x4/inputs/orca_generated/PWPB95_NH3_2_plus_R_1.5_loc.inp,move
ORCA/bench_SIE_DFT/geometry/PWPB95_NH3_2_plus_R_1.75_def.inp,benchmarks/sie4x4/inputs/orca_generated/PWPB95_NH3_2_plus_R_1.75_def.inp,move
ORCA/bench_SIE_DFT/geometry/PWPB95_NH3_2_plus_R_1.75_fragA.inp,benchmarks/sie4x4/inputs/orca_generated/PWPB95_NH3_2_plus_R_1.75_fragA.inp,move
ORCA/bench_SIE_DFT/geometry/PWPB95_NH3_2_plus_R_1.75_fragB.inp,benchmarks/sie4x4/inputs/orca_generated/PWPB95_NH3_2_plus_R_1.75_fragB.inp,move
ORCA/bench_SIE_DFT/geometry/PWPB95_NH3_2_plus_R_1.75_loc.inp,benchmarks/sie4x4/inputs/orca_generated/PWPB95_NH3_2_plus_R_1.75_loc.inp,move
ORCA/bench_SIE_DFT/geometry/PWPB95_NH3_2_plus_dissociation_limit_def.inp,benchmarks/sie4x4/inputs/orca_generated/PWPB95_NH3_2_plus_dissociation_limit_def.inp,move
ORCA/bench_SIE_DFT/geometry/PWPB95_NH3_2_plus_dissociation_limit_fragA.inp,benchmarks/sie4x4/inputs/orca_generated/PWPB95_NH3_2_plus_dissociation_limit_fragA.inp,move
ORCA/bench_SIE_DFT/geometry/PWPB95_NH3_2_plus_dissociation_limit_fragB.inp,benchmarks/sie4x4/inputs/orca_generated/PWPB95_NH3_2_plus_dissociation_limit_fragB.inp,move
ORCA/bench_SIE_DFT/geometry/PWPB95_NH3_2_plus_dissociation_limit_loc.inp,benchmarks/sie4x4/inputs/orca_generated/PWPB95_NH3_2_plus_dissociation_limit_loc.inp,move
ORCA/bench_SIE_DFT/geometry/SIE4x4_ORCA.tar.gz,archive/sie4x4/SIE4x4_ORCA.tar.gz,move
ORCA/bench_SIE_DFT/geometry/collect_SIE4x4.py,benchmarks/sie4x4/tools/collect_generated_inputs.py,move
ORCA/bench_SIE_DFT/geometry/gen_orca.py,benchmarks/sie4x4/tools/gen_orca.py,move
ORCA/bench_SIE_DFT/geometry/input.json,benchmarks/sie4x4/inputs/input.json,shared_json_equal_data
ORCA/bench_SIE_DFT/geometry/job_SIE4x4_DH.sh,benchmarks/sie4x4/jobs/orca/job_SIE4x4_DH.sh,move
ORCA/bench_SIE_DFT/job.sh,benchmarks/sie4x4/jobs/orca/job.sh,move
ccsd.sh,archive/launchers/ccsd.sh,move
dft.sh,archive/launchers/dft.sh,move
geometry/dipole_152/nsp_inputs.json,archive/dipole_152/earlier_inputs/nsp_inputs.json,shared_identical
geometry/dipole_152/sp_inputs.json,archive/dipole_152/earlier_inputs/sp_inputs.json,shared_identical
obdh.sh,archive/launchers/obdh.sh,move
obmp2.sh,archive/launchers/obmp2.sh,move
orca.sh,archive/launchers/orca.sh,move
